<?xml version="1.0" encoding="UTF-8"?>
<manifest identifier="com.example.scorm12" version="1.2"
          xmlns="http://www.imsproject.org/xsd/imscp_rootv1p1p2"
          xmlns:adlcp="http://www.adlnet.org/xsd/adlcp_rootv1p2"
          xmlns:xsi="http://www.w3.org/2001/XMLSchema-instance"
          xsi:schemaLocation="http://www.imsproject.org/xsd/imscp_rootv1p1p2
                              http://www.imsproject.org/xsd/imscp_rootv1p1p2.xsd
                              http://www.adlnet.org/xsd/adlcp_rootv1p2
                              http://www.adlnet.org/xsd/adlcp_rootv1p2.xsd">
    <metadata>
        <schema>ADL SCORM</schema>
        <schemaversion>1.2</schemaversion>
    </metadata>
    <organizations default="defaultOrg">
        <organization identifier="defaultOrg">
            <title>FLASHCARDS EVALUACION</title>
            <item identifier="item_1" identifierref="resource_1">
                <title>FLASHCARDS EVALUACION</title>
            </item>
        </organization>
    </organizations>
    <resources>
        <resource identifier="resource_1" type="webcontent" adlcp:scormtype="sco" href="index.html">
            <file href="index.html"/>
            <file href="scormFunctions.js"/>
            <file href="index.js"/>
            <file href="plantilla.css"/>
            <file href="tarjeta-flashcard.css"/>
        </resource>
    </resources>
</manifest>